method,run,distance,time_ms,volume,mesh_volume,intersection_pct,ref_volume,diff_vs_ref_pct
Warp Fourier,1,0.0,643.3966159820557,0.025353427743912763,0.02629452372834722,96.42094302921375,0.025353427743911774,3.9000343121029185e-12
Warp Fourier,2,0.0,638.2288932800293,0.025353427743912915,0.02629452372834722,96.42094302921433,0.025353427743911774,4.50214487256793e-12
Warp Fourier,3,0.0,650.813102722168,0.025353427743912783,0.02629452372834722,96.42094302921382,0.025353427743911774,3.982140297620874e-12
Warp Fourier,4,0.0,643.7945365905762,0.025353427743912835,0.02629452372834722,96.42094302921403,0.025353427743911774,4.187405261415766e-12
Warp Fourier,5,0.0,641.3431167602539,0.025353427743912842,0.02629452372834722,96.42094302921404,0.025353427743911774,4.214773923255084e-12
Warp Fourier,1,0.1,637.2048854827881,0.009008793126268629,0.02629452372834722,34.26110021744398,0.009008793126268205,4.698437650922915e-12
Warp Fourier,2,0.1,645.8261013031006,0.009008793126268665,0.02629452372834722,34.26110021744412,0.009008793126268205,5.102811383174477e-12
Warp Fourier,3,0.1,641.1020755767822,0.00900879312626864,0.02629452372834722,34.26110021744403,0.009008793126268205,4.83322889500677e-12
Warp Fourier,4,0.1,656.0800075531006,0.009008793126268682,0.02629452372834722,34.26110021744419,0.009008793126268205,5.2953703032942695e-12
Warp Fourier,5,0.1,638.3833885192871,0.009008793126268665,0.02629452372834722,34.26110021744412,0.009008793126268205,5.102811383174477e-12
Warp Fourier,1,0.2,640.5971050262451,0.00020250415620605043,0.02629452372834722,0.7701381409230001,0.00020250415620606232,5.8759874690770375e-12
Warp Fourier,2,0.2,648.2956409454346,0.00020250415620605154,0.02629452372834722,0.7701381409230044,0.00020250415620606232,5.3272050403021885e-12
Warp Fourier,3,0.2,641.8976783752441,0.00020250415620605988,0.02629452372834722,0.7701381409230361,0.00020250415620606232,1.2046443558472286e-12
Warp Fourier,4,0.2,38644.31691169739,0.00020250415620606718,0.02629452372834722,0.7701381409230639,0.00020250415620606232,2.3959037744072658e-12
Warp Fourier,5,0.2,-37361.96684837341,0.00020250415620605837,0.02629452372834722,0.7701381409230303,0.00020250415620606232,1.9542008439299483e-12
Warp Fourier,1,0.3,637.3474597930908,0.0004459509185165036,0.02629452372834722,1.6959840121984766,0.00044595091851648875,3.330763352268375e-12
Warp Fourier,2,0.3,654.2203426361084,0.00044595091851649683,0.02629452372834722,1.6959840121984506,0.00044595091851648875,1.811254523678788e-12
Warp Fourier,3,0.3,646.8114852905273,0.0004459509185164975,0.02629452372834722,1.695984012198453,0.00044595091851648875,1.957127371223388e-12
Warp Fourier,4,0.3,642.1318054199219,0.00044595091851649683,0.02629452372834722,1.6959840121984506,0.00044595091851648875,1.811254523678788e-12
Warp Fourier,5,0.3,633.0757141113281,0.00044595091851650127,0.02629452372834722,1.6959840121984677,0.00044595091851648875,2.8080523152335573e-12
Warp Fourier,1,0.4,632.0300102233887,0.0009631117605533263,0.02629452372834722,3.662784580178681,0.0009631117605532924,3.512272320516012e-12
Warp Fourier,2,0.4,645.9283828735352,0.0009631117605533265,0.02629452372834722,3.662784580178682,0.0009631117605532924,3.534786886673166e-12
Warp Fourier,3,0.4,642.4307823181152,0.0009631117605533229,0.02629452372834722,3.6627845801786676,0.0009631117605532924,3.1632965450801257e-12
Warp Fourier,4,0.4,646.3956832885742,0.0009631117605533273,0.02629452372834722,3.6627845801786845,0.0009631117605532924,3.6248451513017814e-12
Warp Fourier,5,0.4,606.5294742584229,0.000963111760553326,0.02629452372834722,3.6627845801786796,0.0009631117605532924,3.489757754358858e-12
Warp Fourier,1,0.5,627.4063587188721,-0.0014856044813667858,0.02629452372834722,-5.649862673744521,-0.0014856044813667505,inf
Warp Fourier,2,0.5,602.6017665863037,-0.0014856044813667934,0.02629452372834722,-5.6498626737445505,-0.0014856044813667505,inf
Warp Fourier,3,0.5,610.6095314025879,-0.0014856044813667925,0.02629452372834722,-5.649862673744547,-0.0014856044813667505,inf
Warp Fourier,4,0.5,603.7263870239258,-0.0014856044813667882,0.02629452372834722,-5.64986267374453,-0.0014856044813667505,inf
Warp Fourier,5,0.5,605.1914691925049,-0.001485604481366791,0.02629452372834722,-5.649862673744542,-0.0014856044813667505,inf
Warp Fourier,1,0.6,601.3915538787842,0.001363263427693781,0.02629452372834722,5.184590684272762,0.0013632634276937378,3.1652904045055308e-12
Warp Fourier,2,0.6,598.2561111450195,0.0013632634276937805,0.02629452372834722,5.184590684272761,0.0013632634276937378,3.1334784406411533e-12
Warp Fourier,3,0.6,613.7068271636963,0.001363263427693783,0.02629452372834722,5.18459068427277,0.0013632634276937378,3.3084442418952282e-12
Warp Fourier,4,0.6,601.5439033508301,0.001363263427693787,0.02629452372834722,5.184590684272786,0.0013632634276937378,3.6106578986068112e-12
Warp Fourier,5,0.6,602.6115417480469,0.0013632634276937756,0.02629452372834722,5.184590684272742,0.0013632634276937378,2.767640856200816e-12
Warp Fourier,1,0.7,602.5044918060303,0.0009695987587230859,0.02629452372834722,3.6874551094370838,0.0009695987587230539,3.2986803871783783e-12
Warp Fourier,2,0.7,602.2238731384277,0.0009695987587230934,0.02629452372834722,3.687455109437112,0.0009695987587230539,4.070236138755694e-12
Warp Fourier,3,0.7,610.8531951904297,0.0009695987587230883,0.02629452372834722,3.6874551094370926,0.0009695987587230539,3.544683670289986e-12
Warp Fourier,4,0.7,601.2678146362305,0.000969598758723083,0.02629452372834722,3.6874551094370727,0.0009695987587230539,2.99676726699595e-12
Warp Fourier,5,0.7,606.5323352813721,0.0009695987587230888,0.02629452372834722,3.687455109437095,0.0009695987587230539,3.6005935073608057e-12
Warp Fourier,1,0.8,607.7120304107666,-0.0019798306651227,0.02629452372834722,-7.529441056155403,-0.0019798306651226264,inf
Warp Fourier,2,0.8,603.2347679138184,-0.001979830665122698,0.02629452372834722,-7.529441056155395,-0.0019798306651226264,inf
Warp Fourier,3,0.8,607.8987121582031,-0.0019798306651227023,0.02629452372834722,-7.529441056155411,-0.0019798306651226264,inf
Warp Fourier,4,0.8,600.1620292663574,-0.001979830665122704,0.02629452372834722,-7.529441056155418,-0.0019798306651226264,inf
Warp Fourier,5,0.8,604.1982173919678,-0.001979830665122697,0.02629452372834722,-7.529441056155392,-0.0019798306651226264,inf
Warp Fourier,1,0.9,602.3077964782715,-0.0015548000923359066,0.02629452372834722,-5.9130186513313046,-0.0015548000923358524,inf
Warp Fourier,2,0.9,607.1391105651855,-0.0015548000923359029,0.02629452372834722,-5.91301865133129,-0.0015548000923358524,inf
Warp Fourier,3,0.9,614.9458885192871,-0.0015548000923359055,0.02629452372834722,-5.9130186513313,-0.0015548000923358524,inf
Warp Fourier,4,0.9,605.9036254882812,-0.0015548000923359146,0.02629452372834722,-5.913018651331335,-0.0015548000923358524,inf
Warp Fourier,5,0.9,604.6922206878662,-0.0015548000923359072,0.02629452372834722,-5.913018651331306,-0.0015548000923358524,inf
Warp Fourier,1,1.0,607.7420711517334,0.0023315198325514807,0.02629452372834722,8.866940723622802,0.0023315198325513974,3.5713497129367073e-12
Warp Fourier,2,1.0,608.6113452911377,0.002331519832551488,0.02629452372834722,8.86694072362283,0.0023315198325513974,3.887562968769645e-12
Warp Fourier,3,1.0,601.4857292175293,0.002331519832551478,0.02629452372834722,8.866940723622793,0.0023315198325513974,3.4597450344074355e-12
Warp Fourier,4,1.0,608.0605983734131,0.002331519832551487,0.02629452372834722,8.866940723622827,0.0023315198325513974,3.850361409259888e-12
Warp Fourier,5,1.0,602.9970645904541,0.0023315198325515006,0.02629452372834722,8.866940723622879,0.0023315198325513974,4.426985581661127e-12
Warp Fourier,1,1.1,602.0989418029785,0.000986524266813105,0.02629452372834722,3.751824056617413,0.0009865242668130657,3.9784240453369715e-12
Warp Fourier,2,1.1,605.3338050842285,0.0009865242668131032,0.02629452372834722,3.751824056617407,0.0009865242668130657,3.802582098581746e-12
Warp Fourier,3,1.1,609.27414894104,0.0009865242668131023,0.02629452372834722,3.7518240566174033,0.0009865242668130657,3.7146611252041336e-12
Warp Fourier,4,1.1,606.1782836914062,0.0009865242668130976,0.02629452372834722,3.751824056617385,0.0009865242668130657,3.2310957716272638e-12
Warp Fourier,5,1.1,606.9741249084473,0.0009865242668131108,0.02629452372834722,3.7518240566174352,0.0009865242668130657,4.571890615635856e-12
Warp Fourier,1,1.2,613.0871772766113,-0.00016790667313542205,0.02629452372834722,-0.6385613782934112,-0.00016790667313542444,inf
Warp Fourier,2,1.2,615.2598857879639,-0.00016790667313542698,0.02629452372834722,-0.6385613782934298,-0.00016790667313542444,inf
Warp Fourier,3,1.2,38614.6354675293,-0.0001679066731354263,0.02629452372834722,-0.6385613782934274,-0.00016790667313542444,inf
Warp Fourier,4,1.2,-37388.70024681091,-0.00016790667313542324,0.02629452372834722,-0.6385613782934156,-0.00016790667313542444,inf
Warp Fourier,5,1.2,608.8161468505859,-0.000167906673135421,0.02629452372834722,-0.6385613782934072,-0.00016790667313542444,inf
Warp Fourier,1,1.3,610.323429107666,0.0004190603065567627,0.02629452372834722,1.593717044986779,0.0004190603065567445,4.333597361761373e-12
Warp Fourier,2,1.3,614.9821281433105,0.00041906030655676046,0.02629452372834722,1.5937170449867704,0.0004190603065567445,3.803216789127891e-12
Warp Fourier,3,1.3,670.8793640136719,0.00041906030655676995,0.02629452372834722,1.5937170449868063,0.0004190603065567445,6.0670363064659204e-12
Warp Fourier,4,1.3,619.5273399353027,0.0004190603065567629,0.02629452372834722,1.5937170449867797,0.0004190603065567445,4.385341807871956e-12
Warp Fourier,5,1.3,618.5319423675537,0.0004190603065567608,0.02629452372834722,1.5937170449867717,0.0004190603065567445,3.880833458293766e-12
Warp Fourier,1,1.4,38618.711948394775,0.0008647044424181252,0.02629452372834722,3.2885343402737397,0.0008647044424180781,5.454209807368676e-12
Warp Fourier,2,1.4,-37396.843910217285,0.0008647044424181158,0.02629452372834722,3.288534340273704,0.0008647044424180781,4.363367845894941e-12
Warp Fourier,3,1.4,604.4914722442627,0.0008647044424181031,0.02629452372834722,3.2885343402736558,0.0008647044424180781,2.8963734839130214e-12
Warp Fourier,4,1.4,611.4215850830078,0.0008647044424181208,0.02629452372834722,3.288534340273723,0.0008647044424180781,4.940134860007491e-12
Warp Fourier,5,1.4,607.7110767364502,0.0008647044424181177,0.02629452372834722,3.2885343402737113,0.0008647044424180781,4.5765208728495785e-12
Warp Fourier,1,1.5,604.9032211303711,0.0005772331033461913,0.02629452372834722,2.195259778460624,0.0005772331033461748,2.8549771186453344e-12
Warp Fourier,2,1.5,608.4256172180176,0.0005772331033461909,0.02629452372834722,2.1952597784606223,0.0005772331033461748,2.779846141838878e-12
Warp Fourier,3,1.5,607.4638366699219,0.0005772331033461935,0.02629452372834722,2.195259778460632,0.0005772331033461748,3.230632002677615e-12
Warp Fourier,4,1.5,614.8576736450195,0.0005772331033461973,0.02629452372834722,2.1952597784606462,0.0005772331033461748,3.888028049734106e-12
Warp Fourier,5,1.5,617.6314353942871,0.0005772331033461759,0.02629452372834722,2.1952597784605654,0.0005772331033461748,1.878274420161404e-13
Warp Fourier,1,1.6,629.4991970062256,0.0025325752935684213,0.02629452372834722,9.63156937061438,0.0025325752935683545,2.6371122704512195e-12
Warp Fourier,2,1.6,610.6843948364258,0.0025325752935684465,0.02629452372834722,9.631569370614477,0.0025325752935683545,3.630310398283497e-12
Warp Fourier,3,1.6,606.9591045379639,0.002532575293568435,0.02629452372834722,9.631569370614432,0.0025325752935683545,3.1850836513242003e-12
Warp Fourier,4,1.6,608.1292629241943,0.0025325752935684374,0.02629452372834722,9.631569370614441,0.0025325752935683545,3.2707041795856035e-12
Warp Fourier,5,1.6,605.4201126098633,0.0025325752935684417,0.02629452372834722,9.631569370614459,0.0025325752935683545,3.44194523610841e-12
Warp Fourier,1,1.7,631.2720775604248,0.0018784886177869071,0.02629452372834722,7.144029826110801,0.0018784886177868523,2.9204664541646657e-12
Warp Fourier,2,1.7,628.6139488220215,0.0018784886177869158,0.02629452372834722,7.144029826110835,0.0018784886177868523,3.3822002809100674e-12
Warp Fourier,3,1.7,625.9400844573975,0.0018784886177869082,0.02629452372834722,7.144029826110805,0.0018784886177868523,2.978183182507841e-12
Warp Fourier,4,1.7,615.5533790588379,0.0018784886177869102,0.02629452372834722,7.144029826110812,0.0018784886177868523,3.0820732935255563e-12
Warp Fourier,5,1.7,606.5363883972168,0.0018784886177869054,0.02629452372834722,7.144029826110794,0.0018784886177868523,2.8281196888155852e-12
Warp Fourier,1,1.8,630.0675868988037,-0.000608240048659635,0.02629452372834722,-2.313181462967182,-0.000608240048659613,inf
Warp Fourier,2,1.8,619.2142963409424,-0.0006082400486596394,0.02629452372834722,-2.3131814629671985,-0.000608240048659613,inf
Warp Fourier,3,1.8,617.4073219299316,-0.0006082400486596369,0.02629452372834722,-2.313181462967189,-0.000608240048659613,inf
Warp Fourier,4,1.8,605.7264804840088,-0.0006082400486596378,0.02629452372834722,-2.3131814629671923,-0.000608240048659613,inf
Warp Fourier,5,1.8,616.6586875915527,-0.0006082400486596381,0.02629452372834722,-2.3131814629671936,-0.000608240048659613,inf
Warp Fourier,1,1.9,626.3580322265625,-0.002044813967597869,0.02629452372834722,-7.776577315958096,-0.0020448139675977835,inf
Warp Fourier,2,1.9,608.8862419128418,-0.0020448139675978707,0.02629452372834722,-7.776577315958103,-0.0020448139675977835,inf
Warp Fourier,3,1.9,621.9549179077148,-0.0020448139675978663,0.02629452372834722,-7.776577315958086,-0.0020448139675977835,inf
Warp Fourier,4,1.9,607.7806949615479,-0.0020448139675978594,0.02629452372834722,-7.776577315958059,-0.0020448139675977835,inf
Warp Fourier,5,1.9,608.9315414428711,-0.002044813967597871,0.02629452372834722,-7.776577315958104,-0.0020448139675977835,inf
Warp Fourier,1,2.0,637.2776031494141,-0.001106993755633448,0.02629452372834722,-4.209978347849048,-0.0011069937556334138,inf
Warp Fourier,2,2.0,608.4599494934082,-0.0011069937556334498,0.02629452372834722,-4.209978347849054,-0.0011069937556334138,inf
Warp Fourier,3,2.0,619.9274063110352,-0.00110699375563343,0.02629452372834722,-4.209978347848979,-0.0011069937556334138,inf
Warp Fourier,4,2.0,611.163854598999,-0.0011069937556334396,0.02629452372834722,-4.209978347849015,-0.0011069937556334138,inf
Warp Fourier,5,2.0,612.0460033416748,-0.0011069937556334565,0.02629452372834722,-4.20997834784908,-0.0011069937556334138,inf
Warp Direct,1,0.0,16.99066162109375,5.627948293248589,0.02629452372834722,21403.499646511154,0.025353427743911774,22097.977922729016
Warp Direct,2,0.0,16.717910766601562,5.627948293248589,0.02629452372834722,21403.499646511154,0.025353427743911774,22097.977922729016
Warp Direct,3,0.0,16.73126220703125,5.627948293248581,0.02629452372834722,21403.499646511125,0.025353427743911774,22097.977922728987
Warp Direct,4,0.0,17.51399040222168,5.627948293248586,0.02629452372834722,21403.499646511144,0.025353427743911774,22097.977922729006
Warp Direct,5,0.0,18.78643035888672,5.627948293248589,0.02629452372834722,21403.499646511154,0.025353427743911774,22097.977922729016
Warp Direct,1,0.1,16.984939575195312,0.008697228682787654,0.02629452372834722,33.07619781457183,0.009008793126268205,3.458448197373729
Warp Direct,2,0.1,16.800403594970703,0.008697228682787656,0.02629452372834722,33.076197814571834,0.009008793126268205,3.45844819737371
Warp Direct,3,0.1,16.788244247436523,0.008697228682787658,0.02629452372834722,33.07619781457184,0.009008793126268205,3.458448197373691
Warp Direct,4,0.1,16.782760620117188,0.00869722868278766,0.02629452372834722,33.07619781457185,0.009008793126268205,3.458448197373672
Warp Direct,5,0.1,16.79372787475586,0.008697228682787654,0.02629452372834722,33.07619781457183,0.009008793126268205,3.458448197373729
Warp Direct,1,0.2,16.78180694580078,-3.868697837843596e-06,0.02629452372834722,-0.014712941286983215,0.00020250415620606232,101.91042885752277
Warp Direct,2,0.2,16.77417755126953,-3.8686978378431396e-06,0.02629452372834722,-0.014712941286981477,0.00020250415620606232,101.91042885752255
Warp Direct,3,0.2,16.891002655029297,-3.868697837843597e-06,0.02629452372834722,-0.014712941286983217,0.00020250415620606232,101.91042885752277
Warp Direct,4,0.2,17.352581024169922,-3.868697837843322e-06,0.02629452372834722,-0.014712941286982171,0.00020250415620606232,101.91042885752265
Warp Direct,5,0.2,17.1201229095459,-3.868697837844873e-06,0.02629452372834722,-0.014712941286988069,0.00020250415620606232,101.9104288575234
Warp Direct,1,0.3,17.08531379699707,5.10148891453935e-08,0.02629452372834722,0.0001940133606238173,0.00044595091851648875,99.98856042514385
Warp Direct,2,0.3,17.20404624938965,5.101488914572096e-08,0.02629452372834722,0.00019401336062506265,0.00044595091851648875,99.98856042514377
Warp Direct,3,0.3,17.117977142333984,5.1014889145468087e-08,0.02629452372834722,0.00019401336062410096,0.00044595091851648875,99.98856042514383
Warp Direct,4,0.3,17.104625701904297,5.101488914669846e-08,0.02629452372834722,0.00019401336062878013,0.00044595091851648875,99.98856042514356
Warp Direct,5,0.3,17.03953742980957,5.101488914656689e-08,0.02629452372834722,0.00019401336062827978,0.00044595091851648875,99.98856042514359
Warp Direct,1,0.4,16.83211326599121,1.6783359782473152e-08,0.02629452372834722,6.382834675335682e-05,0.0009631117605532924,99.99825738190833
Warp Direct,2,0.4,16.765117645263672,1.6783359782754364e-08,0.02629452372834722,6.382834675442629e-05,0.0009631117605532924,99.99825738190829
Warp Direct,3,0.4,16.71123504638672,1.678335978206879e-08,0.02629452372834722,6.3828346751819e-05,0.0009631117605532924,99.99825738190837
Warp Direct,4,0.4,17.024517059326172,1.6783359782617733e-08,0.02629452372834722,6.382834675390667e-05,0.0009631117605532924,99.99825738190832
Warp Direct,5,0.4,17.113447189331055,1.6783359782697474e-08,0.02629452372834722,6.382834675420994e-05,0.0009631117605532924,99.9982573819083
Warp Direct,1,0.5,16.910314559936523,7.427379440395733e-09,0.02629452372834722,2.8246868120256274e-05,-0.0014856044813667505,inf
Warp Direct,2,0.5,17.029762268066406,7.427379440662773e-09,0.02629452372834722,2.824686812127185e-05,-0.0014856044813667505,inf
Warp Direct,3,0.5,16.822099685668945,7.427379440641541e-09,0.02629452372834722,2.82468681211911e-05,-0.0014856044813667505,inf
Warp Direct,4,0.5,16.91722869873047,7.427379440165933e-09,0.02629452372834722,2.8246868119382333e-05,-0.0014856044813667505,inf
Warp Direct,5,0.5,16.91293716430664,7.427379440274944e-09,0.02629452372834722,2.8246868119796908e-05,-0.0014856044813667505,inf
Warp Direct,1,0.6,16.94464683532715,4.037442818157571e-09,0.02629452372834722,1.5354690808888634e-05,0.0013632634276937378,99.99970383986424
Warp Direct,2,0.6,16.879558563232422,4.037442817791462e-09,0.02629452372834722,1.5354690807496292e-05,0.0013632634276937378,99.99970383986427
Warp Direct,3,0.6,17.145872116088867,4.037442818010123e-09,0.02629452372834722,1.5354690808327878e-05,0.0013632634276937378,99.99970383986425
Warp Direct,4,0.6,16.79372787475586,4.0374428184660236e-09,0.02629452372834722,1.53546908100617e-05,0.0013632634276937378,99.99970383986422
Warp Direct,5,0.6,17.451047897338867,4.03744281827836e-09,0.02629452372834722,1.5354690809348e-05,0.0013632634276937378,99.99970383986424
Warp Direct,1,0.7,16.920089721679688,2.461982615603875e-09,0.02629452372834722,9.363100244898889e-06,0.0009695987587230539,99.99974608232597
Warp Direct,2,0.7,17.09890365600586,2.461982616021616e-09,0.02629452372834722,9.363100246487589e-06,0.0009695987587230539,99.99974608232593
Warp Direct,3,0.7,17.020702362060547,2.4619826158627936e-09,0.02629452372834722,9.363100245883575e-06,0.0009695987587230539,99.99974608232594
Warp Direct,4,0.7,16.815900802612305,2.4619826159585927e-09,0.02629452372834722,9.363100246247908e-06,0.0009695987587230539,99.99974608232594
Warp Direct,5,0.7,16.871929168701172,2.4619826155521083e-09,0.02629452372834722,9.363100244702016e-06,0.0009695987587230539,99.99974608232597
Warp Direct,1,0.8,16.890525817871094,1.5978047546836797e-09,0.02629452372834722,6.07656853263762e-06,-0.0019798306651226264,inf
Warp Direct,2,0.8,16.846895217895508,1.597804754824387e-09,0.02629452372834722,6.076568533172742e-06,-0.0019798306651226264,inf
Warp Direct,3,0.8,16.785621643066406,1.5978047548384409e-09,0.02629452372834722,6.07656853322619e-06,-0.0019798306651226264,inf
Warp Direct,4,0.8,16.999244689941406,1.5978047547889322e-09,0.02629452372834722,6.076568533037904e-06,-0.0019798306651226264,inf
Warp Direct,5,0.8,17.372846603393555,1.5978047548562358e-09,0.02629452372834722,6.076568533293865e-06,-0.0019798306651226264,inf
Warp Direct,1,0.9,16.784191131591797,1.0766093501312037e-09,0.02629452372834722,4.094424227849954e-06,-0.0015548000923358524,inf
Warp Direct,2,0.9,16.91293716430664,1.0766093502794184e-09,0.02629452372834722,4.094424228413626e-06,-0.0015548000923358524,inf
Warp Direct,3,0.9,16.75724983215332,1.0766093501619318e-09,0.02629452372834722,4.094424227966816e-06,-0.0015548000923358524,inf
Warp Direct,4,0.9,16.72530174255371,1.0766093501565395e-09,0.02629452372834722,4.094424227946308e-06,-0.0015548000923358524,inf
Warp Direct,5,0.9,17.066001892089844,1.0766093501398316e-09,0.02629452372834722,4.094424227882768e-06,-0.0015548000923358524,inf
Warp Direct,1,1.0,16.8001651763916,7.448009929260361e-10,0.02629452372834722,2.8325327380738667e-06,0.0023315198325513974,99.99996805512941
Warp Direct,2,1.0,16.70098304748535,7.448009930227283e-10,0.02629452372834722,2.8325327384415942e-06,0.0023315198325513974,99.99996805512941
Warp Direct,3,1.0,16.6323184967041,7.448009929130944e-10,0.02629452372834722,2.8325327380246486e-06,0.0023315198325513974,99.99996805512941
Warp Direct,4,1.0,16.80898666381836,7.448009929886635e-10,0.02629452372834722,2.8325327383120435e-06,0.0023315198325513974,99.99996805512941
Warp Direct,5,1.0,16.910791397094727,7.448009928656415e-10,0.02629452372834722,2.832532737844182e-06,0.0023315198325513974,99.99996805512941
Warp Direct,1,1.1,16.781330108642578,5.262151632878522e-10,0.02629452372834722,2.001234814991373e-06,0.0009865242668130657,99.9999466596838
Warp Direct,2,1.1,16.74675941467285,5.262151632927728e-10,0.02629452372834722,2.0012348150100867e-06,0.0009865242668130657,99.9999466596838
Warp Direct,3,1.1,16.78156852722168,5.262151632562267e-10,0.02629452372834722,2.001234814871099e-06,0.0009865242668130657,99.9999466596838
Warp Direct,4,1.1,16.722440719604492,5.262151632638561e-10,0.02629452372834722,2.0012348149001143e-06,0.0009865242668130657,99.9999466596838
Warp Direct,5,1.1,17.05789566040039,5.262151632576549e-10,0.02629452372834722,2.0012348148765307e-06,0.0009865242668130657,99.9999466596838
Warp Direct,1,1.2,18.332958221435547,3.7859989707796705e-10,0.02629452372834722,1.4398431437258228e-06,-0.00016790667313542444,inf
Warp Direct,2,1.2,18.40353012084961,3.7859989711968844e-10,0.02629452372834722,1.4398431438844924e-06,-0.00016790667313542444,inf
Warp Direct,3,1.2,17.841577529907227,3.785998971050806e-10,0.02629452372834722,1.4398431438289377e-06,-0.00016790667313542444,inf
Warp Direct,4,1.2,17.220258712768555,3.785998971198254e-10,0.02629452372834722,1.4398431438850131e-06,-0.00016790667313542444,inf
Warp Direct,5,1.2,17.27151870727539,3.785998970305141e-10,0.02629452372834722,1.4398431435453557e-06,-0.00016790667313542444,inf
Warp Direct,1,1.3,17.450809478759766,2.768816776069524e-10,0.02629452372834722,1.0530013034936846e-06,0.0004190603065567445,99.99993392796375
Warp Direct,2,1.3,18.881797790527344,2.7688167759480266e-10,0.02629452372834722,1.0530013034474783e-06,0.0004190603065567445,99.99993392796377
Warp Direct,3,1.3,17.49706268310547,2.768816776158498e-10,0.02629452372834722,1.053001303527522e-06,0.0004190603065567445,99.99993392796375
Warp Direct,4,1.3,17.212390899658203,2.768816775825013e-10,0.02629452372834722,1.0530013034006952e-06,0.0004190603065567445,99.99993392796377
Warp Direct,5,1.3,18.633365631103516,2.768816776565623e-10,0.02629452372834722,1.0530013036823546e-06,0.0004190603065567445,99.99993392796375
Warp Direct,1,1.4,18.48578453063965,2.055457885224788e-10,0.02629452372834722,7.817056914436026e-07,0.0008647044424180781,99.99997622935902
Warp Direct,2,1.4,17.67587661743164,2.0554578851134858e-10,0.02629452372834722,7.817056914012736e-07,0.0008647044424180781,99.99997622935902
Warp Direct,3,1.4,21.878957748413086,2.0554578856539876e-10,0.02629452372834722,7.817056916068304e-07,0.0008647044424180781,99.999976229359
Warp Direct,4,1.4,21.616220474243164,2.0554578849063846e-10,0.02629452372834722,7.817056913225116e-07,0.0008647044424180781,99.99997622935902
Warp Direct,5,1.4,21.312236785888672,2.0554578847071194e-10,0.02629452372834722,7.817056912467294e-07,0.0008647044424180781,99.99997622935902
Warp Direct,1,1.5,19.32811737060547,1.5471337134908427e-10,0.02629452372834722,5.883862850966688e-07,0.0005772331033461748,99.99997319741878
Warp Direct,2,1.5,17.085790634155273,1.5471337134885677e-10,0.02629452372834722,5.883862850958035e-07,0.0005772331033461748,99.99997319741878
Warp Direct,3,1.5,17.784595489501953,1.5471337131342715e-10,0.02629452372834722,5.883862849610621e-07,0.0005772331033461748,99.99997319741878
Warp Direct,4,1.5,17.725706100463867,1.5471337134423955e-10,0.02629452372834722,5.883862850782439e-07,0.0005772331033461748,99.99997319741878
Warp Direct,5,1.5,17.091035842895508,1.5471337136741837e-10,0.02629452372834722,5.883862851663946e-07,0.0005772331033461748,99.99997319741878
Warp Direct,1,1.6,18.21613311767578,1.1795457381593754e-10,0.02629452372834722,4.4858988523444816e-07,0.0025325752935683545,99.99999534250476
Warp Direct,2,1.6,18.11051368713379,1.1795457377736727e-10,0.02629452372834722,4.485898850877626e-07,0.0025325752935683545,99.99999534250476
Warp Direct,3,1.6,20.512819290161133,1.1795457373276008e-10,0.02629452372834722,4.485898849181182e-07,0.0025325752935683545,99.99999534250476
Warp Direct,4,1.6,17.84229278564453,1.1795457381980486e-10,0.02629452372834722,4.4858988524915593e-07,0.0025325752935683545,99.99999534250476
Warp Direct,5,1.6,17.27890968322754,1.1795457374475813e-10,0.02629452372834722,4.485898849637477e-07,0.0025325752935683545,99.99999534250476
Warp Direct,1,1.7,17.818450927734375,9.100665084389775e-11,0.02629452372834722,3.4610496004453816e-07,0.0018784886177868523,99.99999515532593
Warp Direct,2,1.7,17.848730087280273,9.100665091302026e-11,0.02629452372834722,3.461049603074161e-07,0.0018784886177868523,99.99999515532593
Warp Direct,3,1.7,17.05312728881836,9.10066509106653e-11,0.02629452372834722,3.4610496029846005e-07,0.0018784886177868523,99.99999515532593
Warp Direct,4,1.7,17.508506774902344,9.100665090484321e-11,0.02629452372834722,3.4610496027631824e-07,0.0018784886177868523,99.99999515532593
Warp Direct,5,1.7,17.18306541442871,9.100665082879908e-11,0.02629452372834722,3.461049599871168e-07,0.0018784886177868523,99.99999515532593
Warp Direct,1,1.8,16.904830932617188,7.099697445979859e-11,0.02629452372834722,2.700066949045333e-07,-0.000608240048659613,0.0
Warp Direct,2,1.8,17.856597900390625,7.099697444147714e-11,0.02629452372834722,2.7000669483485546e-07,-0.000608240048659613,0.0
Warp Direct,3,1.8,17.03667640686035,7.0996974431358e-11,0.02629452372834722,2.700066947963717e-07,-0.000608240048659613,0.0
Warp Direct,4,1.8,17.52185821533203,7.099697442703989e-11,0.02629452372834722,2.700066947799495e-07,-0.000608240048659613,0.0
Warp Direct,5,1.8,17.447233200073242,7.099697445009231e-11,0.02629452372834722,2.700066948676196e-07,-0.000608240048659613,0.0
Warp Direct,1,1.9,17.554283142089844,5.5960443163733666e-11,0.02629452372834722,2.12821664852612e-07,-0.0020448139675977835,0.0
Warp Direct,2,1.9,17.518043518066406,5.596044317943054e-11,0.02629452372834722,2.128216649123084e-07,-0.0020448139675977835,0.0
Warp Direct,3,1.9,16.92938804626465,5.5960443168612086e-11,0.02629452372834722,2.1282166487116502e-07,-0.0020448139675977835,0.0
Warp Direct,4,1.9,18.08762550354004,5.5960443182320524e-11,0.02629452372834722,2.1282166492329923e-07,-0.0020448139675977835,0.0
Warp Direct,5,1.9,17.151832580566406,5.596044314270339e-11,0.02629452372834722,2.1282166477263235e-07,-0.0020448139675977835,0.0
Warp Direct,1,2.0,17.781496047973633,4.453383308869369e-11,0.02629452372834722,1.6936542965668284e-07,-0.0011069937556334138,0.0
Warp Direct,2,2.0,16.936302185058594,4.4533833087748964e-11,0.02629452372834722,1.6936542965308999e-07,-0.0011069937556334138,0.0
Warp Direct,3,2.0,17.084360122680664,4.453383307153918e-11,0.02629452372834722,1.6936542959144298e-07,-0.0011069937556334138,0.0
Warp Direct,4,2.0,17.19379425048828,4.4533833087328737e-11,0.02629452372834722,1.6936542965149182e-07,-0.0011069937556334138,0.0
Warp Direct,5,2.0,16.905784606933594,4.4533833075751975e-11,0.02629452372834722,1.6936542960746456e-07,-0.0011069937556334138,0.0
C++ CUDA,1,0.0,64.63956832885742,0.025353427743911916,0.02629452372834722,96.42094302921052,0.025353427743911774,5.610575677060339e-13
C++ CUDA,2,0.0,65.94371795654297,0.025353427743911926,0.02629452372834722,96.42094302921058,0.025353427743911774,6.021105604650121e-13
C++ CUDA,3,0.0,66.90812110900879,0.02535342774391188,0.02629452372834722,96.42094302921039,0.025353427743911774,4.2421425850944026e-13
C++ CUDA,4,0.0,64.43977355957031,0.02535342774391186,0.02629452372834722,96.42094302921032,0.025353427743911774,3.4210827299148406e-13
C++ CUDA,5,0.0,65.44208526611328,0.0253534277439118,0.02629452372834722,96.4209430292101,0.025353427743911774,1.094746473572749e-13
C++ CUDA,1,0.1,65.64521789550781,0.009008793126268205,0.02629452372834722,34.26110021744237,0.009008793126268205,0.0
C++ CUDA,2,0.1,70.03188133239746,0.009008793126268282,0.02629452372834722,34.26110021744266,0.009008793126268205,8.472592485270831e-13
C++ CUDA,3,0.1,64.36419486999512,0.009008793126268202,0.02629452372834722,34.26110021744236,0.009008793126268205,3.851178402395832e-14
C++ CUDA,4,0.1,66.03217124938965,0.00900879312626815,0.02629452372834722,34.261100217442156,0.009008793126268205,6.161885443833332e-13
C++ CUDA,5,0.1,68.18056106567383,0.00900879312626822,0.02629452372834722,34.261100217442426,0.009008793126268205,1.540471360958333e-13
C++ CUDA,1,0.2,68.90082359313965,0.00020250415620606102,0.02629452372834722,0.7701381409230404,0.00020250415620606232,6.424769897851886e-13
C++ CUDA,2,0.2,64.47887420654297,0.000202504156206062,0.02629452372834722,0.7701381409230441,0.00020250415620606232,1.6061924744629715e-13
C++ CUDA,3,0.2,66.90216064453125,0.00020250415620606173,0.02629452372834722,0.7701381409230432,0.00020250415620606232,2.944686203182114e-13
C++ CUDA,4,0.2,64.75043296813965,0.00020250415620606338,0.02629452372834722,0.7701381409230494,0.00020250415620606232,5.220125542004657e-13
C++ CUDA,5,0.2,68.15671920776367,0.000202504156206057,0.02629452372834722,0.7701381409230252,0.00020250415620606232,2.62344770828952e-12
C++ CUDA,1,0.3,65.30976295471191,0.0004459509185164859,0.02629452372834722,1.6959840121984089,0.00044595091851648875,6.44271743321985e-13
C++ CUDA,2,0.3,67.08860397338867,0.00044595091851649086,0.02629452372834722,1.695984012198428,0.00044595091851648875,4.740867545199512e-13
C++ CUDA,3,0.3,64.40019607543945,0.00044595091851648945,0.02629452372834722,1.6959840121984224,0.00044595091851648875,1.5802891817331707e-13
C++ CUDA,4,0.3,64.39065933227539,0.0004459509185164895,0.02629452372834722,1.6959840121984229,0.00044595091851648875,1.7018498880203377e-13
C++ CUDA,5,0.3,66.59507751464844,0.00044595091851648653,0.02629452372834722,1.6959840121984113,0.00044595091851648875,4.983988957773846e-13
C++ CUDA,1,0.4,64.41402435302734,0.0009631117605532925,0.02629452372834722,3.6627845801785526,0.0009631117605532924,1.1257283078576962e-14
C++ CUDA,2,0.4,64.61262702941895,0.0009631117605532938,0.02629452372834722,3.6627845801785575,0.0009631117605532924,1.4634468002150049e-13
C++ CUDA,3,0.4,65.28663635253906,0.0009631117605532962,0.02629452372834722,3.6627845801785663,0.0009631117605532924,3.940049077501936e-13
C++ CUDA,4,0.4,65.06180763244629,0.0009631117605532957,0.02629452372834722,3.6627845801785646,0.0009631117605532924,3.377184923573088e-13
C++ CUDA,5,0.4,70.31893730163574,0.0009631117605532981,0.02629452372834722,3.6627845801785734,0.0009631117605532924,5.853787200860019e-13
C++ CUDA,1,0.5,64.24856185913086,-0.0014856044813667379,0.02629452372834722,-5.649862673744339,-0.0014856044813667505,inf
C++ CUDA,2,0.5,64.75567817687988,-0.0014856044813667383,0.02629452372834722,-5.649862673744341,-0.0014856044813667505,inf
C++ CUDA,3,0.5,64.84866142272949,-0.0014856044813667422,0.02629452372834722,-5.649862673744355,-0.0014856044813667505,inf
C++ CUDA,4,0.5,65.02056121826172,-0.0014856044813667394,0.02629452372834722,-5.649862673744345,-0.0014856044813667505,inf
C++ CUDA,5,0.5,64.04948234558105,-0.0014856044813667396,0.02629452372834722,-5.649862673744345,-0.0014856044813667505,inf
C++ CUDA,1,0.6,66.40028953552246,0.0013632634276937374,0.02629452372834722,5.184590684272596,0.0013632634276937378,3.1811963864377196e-14
C++ CUDA,2,0.6,64.51678276062012,0.0013632634276937413,0.02629452372834722,5.184590684272612,0.0013632634276937378,2.5449571091501756e-13
C++ CUDA,3,0.6,38070.15657424927,0.0013632634276937164,0.02629452372834722,5.184590684272516,0.0013632634276937378,1.5746922112866711e-12
C++ CUDA,4,0.6,65.18864631652832,0.001363263427693738,0.02629452372834722,5.184590684272599,0.0013632634276937378,1.5905981932188598e-14
C++ CUDA,5,0.6,-37937.217235565186,0.0013632634276937393,0.02629452372834722,5.184590684272604,0.0013632634276937378,1.1134187352532018e-13
C++ CUDA,1,0.7,66.88165664672852,0.0009695987587230569,0.02629452372834722,3.687455109436973,0.0009695987587230539,3.130950875965918e-13
C++ CUDA,2,0.7,65.08874893188477,0.000969598758723054,0.02629452372834722,3.687455109436962,0.0009695987587230539,1.1181967414163993e-14
C++ CUDA,3,0.7,64.9111270904541,0.0009695987587230577,0.02629452372834722,3.6874551094369767,0.0009695987587230539,3.9136885949573977e-13
C++ CUDA,4,0.7,64.54944610595703,0.0009695987587230513,0.02629452372834722,3.687455109436952,0.0009695987587230539,2.6836721793993583e-13
C++ CUDA,5,0.7,64.01658058166504,0.0009695987587230538,0.02629452372834722,3.6874551094369616,0.0009695987587230539,1.1181967414163993e-14
C++ CUDA,1,0.8,65.65165519714355,-0.001979830665122603,0.02629452372834722,-7.529441056155034,-0.0019798306651226264,inf
C++ CUDA,2,0.8,64.72349166870117,-0.0019798306651226416,0.02629452372834722,-7.529441056155181,-0.0019798306651226264,inf
C++ CUDA,3,0.8,64.61524963378906,-0.00197983066512264,0.02629452372834722,-7.529441056155174,-0.0019798306651226264,inf
C++ CUDA,4,0.8,65.98997116088867,-0.0019798306651226394,0.02629452372834722,-7.529441056155173,-0.0019798306651226264,inf
C++ CUDA,5,0.8,65.04225730895996,-0.0019798306651226177,0.02629452372834722,-7.529441056155091,-0.0019798306651226264,inf
C++ CUDA,1,0.9,64.96119499206543,-0.0015548000923358508,0.02629452372834722,-5.913018651331092,-0.0015548000923358524,inf
C++ CUDA,2,0.9,65.54889678955078,-0.0015548000923358454,0.02629452372834722,-5.913018651331072,-0.0015548000923358524,inf
C++ CUDA,3,0.9,64.76998329162598,-0.0015548000923358476,0.02629452372834722,-5.91301865133108,-0.0015548000923358524,inf
C++ CUDA,4,0.9,66.83969497680664,-0.0015548000923358517,0.02629452372834722,-5.913018651331096,-0.0015548000923358524,inf
C++ CUDA,5,0.9,66.03074073791504,-0.0015548000923358482,0.02629452372834722,-5.9130186513310825,-0.0015548000923358524,inf
C++ CUDA,1,1.0,64.3157958984375,0.0023315198325513952,0.02629452372834722,8.866940723622479,0.0023315198325513974,9.300389877439344e-14
C++ CUDA,2,1.0,66.51163101196289,0.0023315198325514082,0.02629452372834722,8.866940723622529,0.0023315198325513974,4.650194938719671e-13
C++ CUDA,3,1.0,64.43142890930176,0.0023315198325514082,0.02629452372834722,8.866940723622529,0.0023315198325513974,4.650194938719671e-13
C++ CUDA,4,1.0,64.32890892028809,0.0023315198325514087,0.02629452372834722,8.86694072362253,0.0023315198325513974,4.836202736268458e-13
C++ CUDA,5,1.0,66.67590141296387,0.002331519832551422,0.02629452372834722,8.86694072362258,0.0023315198325513974,1.060244446028085e-12
C++ CUDA,1,1.1,64.46290016174316,0.0009865242668130648,0.02629452372834722,3.7518240566172603,0.0009865242668130657,8.792097337761262e-14
C++ CUDA,2,1.1,64.69845771789551,0.0009865242668130741,0.02629452372834722,3.7518240566172962,0.0009865242668130657,8.572294904317231e-13
C++ CUDA,3,1.1,64.35275077819824,0.0009865242668130546,0.02629452372834722,3.751824056617222,0.0009865242668130657,1.120992410564561e-12
C++ CUDA,4,1.1,64.40591812133789,0.0009865242668130557,0.02629452372834722,3.7518240566172265,0.0009865242668130657,1.0110911938425452e-12
C++ CUDA,5,1.1,65.25564193725586,0.0009865242668130607,0.02629452372834722,3.751824056617245,0.0009865242668130657,5.055455969212726e-13
C++ CUDA,1,1.2,64.81814384460449,-0.0001679066731354213,0.02629452372834722,-0.6385613782934083,-0.00016790667313542444,inf
C++ CUDA,2,1.2,66.75934791564941,-0.0001679066731354267,0.02629452372834722,-0.6385613782934288,-0.00016790667313542444,inf
C++ CUDA,3,1.2,65.15288352966309,-0.00016790667313542495,0.02629452372834722,-0.6385613782934222,-0.00016790667313542444,inf
C++ CUDA,4,1.2,65.68241119384766,-0.00016790667313541812,0.02629452372834722,-0.6385613782933962,-0.00016790667313542444,inf
C++ CUDA,5,1.2,64.4083023071289,-0.00016790667313542373,0.02629452372834722,-0.6385613782934176,-0.00016790667313542444,inf
C++ CUDA,1,1.3,64.45980072021484,0.0004190603065567431,0.02629452372834722,1.5937170449867044,0.0004190603065567445,3.3633889971879305e-13
C++ CUDA,2,1.3,64.51582908630371,0.00041906030655674317,0.02629452372834722,1.5937170449867046,0.0004190603065567445,3.234027881911472e-13
C++ CUDA,3,1.3,67.18873977661133,0.00041906030655673894,0.02629452372834722,1.5937170449866884,0.0004190603065567445,1.3324194873475263e-12
C++ CUDA,4,1.3,66.27845764160156,0.00041906030655674024,0.02629452372834722,1.5937170449866935,0.0004190603065567445,1.021952810684025e-12
C++ CUDA,5,1.3,64.81814384460449,0.000419060306556746,0.02629452372834722,1.5937170449867155,0.0004190603065567445,3.4927501124643893e-13
C++ CUDA,1,1.4,65.51241874694824,0.0008647044424180839,0.02629452372834722,3.288534340273583,0.0008647044424180781,6.770743209147322e-13
C++ CUDA,2,1.4,64.31818008422852,0.0008647044424180936,0.02629452372834722,3.28853434027362,0.0008647044424180781,1.7929931090890133e-12
C++ CUDA,3,1.4,65.56558609008789,0.0008647044424180787,0.02629452372834722,3.2885343402735625,0.0008647044424180781,7.523048010163692e-14
C++ CUDA,4,1.4,69.60129737854004,0.0008647044424180784,0.02629452372834722,3.288534340273562,0.0008647044424180781,3.761524005081846e-14
C++ CUDA,5,1.4,64.27216529846191,0.0008647044424180884,0.02629452372834722,3.2885343402735994,0.0008647044424180781,1.1911492682759177e-12
C++ CUDA,1,1.5,64.47148323059082,0.0005772331033461703,0.02629452372834722,2.1952597784605437,0.0005772331033461748,7.888752564677897e-13
C++ CUDA,2,1.5,64.64028358459473,0.000577233103346178,0.02629452372834722,2.1952597784605734,0.0005772331033461748,5.446995818468072e-13
C++ CUDA,3,1.5,67.54922866821289,0.0005772331033461836,0.02629452372834722,2.1952597784605943,0.0005772331033461748,1.5214022803307372e-12
C++ CUDA,4,1.5,65.6130313873291,0.0005772331033461786,0.02629452372834722,2.1952597784605756,0.0005772331033461748,6.573960470564915e-13
C++ CUDA,5,1.5,68.66335868835449,0.0005772331033461701,0.02629452372834722,2.195259778460543,0.0005772331033461748,8.264407448710178e-13
C++ CUDA,1,1.6,64.12982940673828,0.002532575293568357,0.02629452372834722,9.631569370614136,0.0025325752935683545,1.0274463391368389e-13
C++ CUDA,2,1.6,65.02056121826172,0.0025325752935683563,0.02629452372834722,9.631569370614134,0.0025325752935683545,6.84964226091226e-14
C++ CUDA,3,1.6,65.95563888549805,0.002532575293568359,0.02629452372834722,9.631569370614143,0.0025325752935683545,1.7124105652280647e-13
C++ CUDA,4,1.6,66.5426254272461,0.0025325752935683545,0.02629452372834722,9.631569370614127,0.0025325752935683545,0.0
C++ CUDA,5,1.6,64.39924240112305,0.0025325752935683532,0.02629452372834722,9.631569370614121,0.0025325752935683545,5.137231695684194e-14
C++ CUDA,1,1.7,66.3154125213623,0.0018784886177868573,0.02629452372834722,7.144029826110611,0.0018784886177868523,2.6549695037860596e-13
C++ CUDA,2,1.7,66.5292739868164,0.001878488617786859,0.02629452372834722,7.144029826110618,0.0018784886177868523,3.5784371572768626e-13
C++ CUDA,3,1.7,64.40186500549316,0.0018784886177868492,0.02629452372834722,7.144029826110581,0.0018784886177868523,1.6160683936089059e-13
C++ CUDA,4,1.7,66.76578521728516,0.0018784886177868494,0.02629452372834722,7.1440298261105815,0.0018784886177868523,1.5006349369225555e-13
C++ CUDA,5,1.7,64.4979476928711,0.0018784886177868546,0.02629452372834722,7.144029826110601,0.0018784886177868523,1.2697680235498545e-13
C++ CUDA,1,1.8,68.99523735046387,-0.0006082400486596159,0.02629452372834722,-2.313181462967109,-0.000608240048659613,inf
C++ CUDA,2,1.8,66.25509262084961,-0.0006082400486596145,0.02629452372834722,-2.3131814629671044,-0.000608240048659613,inf
C++ CUDA,3,1.8,68.80354881286621,-0.0006082400486596164,0.02629452372834722,-2.313181462967111,-0.000608240048659613,inf
C++ CUDA,4,1.8,64.21899795532227,-0.0006082400486596139,0.02629452372834722,-2.3131814629671017,-0.000608240048659613,inf
C++ CUDA,5,1.8,66.30086898803711,-0.000608240048659613,0.02629452372834722,-2.313181462967098,-0.000608240048659613,inf
C++ CUDA,1,1.9,64.2237663269043,-0.002044813967597785,0.02629452372834722,-7.776577315957776,-0.0020448139675977835,inf
C++ CUDA,2,1.9,69.22364234924316,-0.0020448139675977852,0.02629452372834722,-7.776577315957778,-0.0020448139675977835,inf
C++ CUDA,3,1.9,66.72835350036621,-0.0020448139675977774,0.02629452372834722,-7.7765773159577485,-0.0020448139675977835,inf
C++ CUDA,4,1.9,65.62066078186035,-0.002044813967597782,0.02629452372834722,-7.776577315957766,-0.0020448139675977835,inf
C++ CUDA,5,1.9,64.38374519348145,-0.002044813967597784,0.02629452372834722,-7.776577315957773,-0.0020448139675977835,inf
C++ CUDA,1,2.0,65.28401374816895,-0.001106993755633426,0.02629452372834722,-4.209978347848963,-0.0011069937556334138,inf
C++ CUDA,2,2.0,64.99600410461426,-0.0011069937556334136,0.02629452372834722,-4.209978347848916,-0.0011069937556334138,inf
C++ CUDA,3,2.0,64.74876403808594,-0.001106993755633416,0.02629452372834722,-4.209978347848926,-0.0011069937556334138,inf
C++ CUDA,4,2.0,64.56851959228516,-0.001106993755633414,0.02629452372834722,-4.209978347848918,-0.0011069937556334138,inf
C++ CUDA,5,2.0,65.84501266479492,-0.0011069937556334153,0.02629452372834722,-4.2099783478489226,-0.0011069937556334138,inf
C++ CPU,1,0.0,659.2652797698975,0.025353427743911777,0.02629452372834722,96.42094302921,0.025353427743911774,1.3684330919659363e-14
C++ CPU,2,0.0,648.9944458007812,0.02535342774391178,0.02629452372834722,96.42094302921002,0.025353427743911774,2.7368661839318726e-14
C++ CPU,3,0.0,648.7655639648438,0.02535342774391178,0.02629452372834722,96.42094302921002,0.025353427743911774,2.7368661839318726e-14
C++ CPU,4,0.0,657.0031642913818,0.02535342774391178,0.02629452372834722,96.42094302921002,0.025353427743911774,2.7368661839318726e-14
C++ CPU,5,0.0,665.0288105010986,0.02535342774391178,0.02629452372834722,96.42094302921002,0.025353427743911774,2.7368661839318726e-14
C++ CPU,1,0.1,650.9554386138916,0.009008793126268294,0.02629452372834722,34.26110021744271,0.009008793126268205,9.820504926109373e-13
C++ CPU,2,0.1,38652.6997089386,0.009008793126268294,0.02629452372834722,34.26110021744271,0.009008793126268205,9.820504926109373e-13
C++ CPU,3,0.1,-37349.84230995178,0.009008793126268294,0.02629452372834722,34.26110021744271,0.009008793126268205,9.820504926109373e-13
C++ CPU,4,0.1,665.4832363128662,0.009008793126268294,0.02629452372834722,34.26110021744271,0.009008793126268205,9.820504926109373e-13
C++ CPU,5,0.1,653.5108089447021,0.009008793126268294,0.02629452372834722,34.26110021744271,0.009008793126268205,9.820504926109373e-13
C++ CPU,1,0.2,652.2712707519531,0.0002025041562060606,0.02629452372834722,0.7701381409230389,0.00020250415620606232,8.566359863802514e-13
C++ CPU,2,0.2,652.4524688720703,0.0002025041562060597,0.02629452372834722,0.7701381409230353,0.00020250415620606232,1.2983389168575686e-12
C++ CPU,3,0.2,682.3790073394775,0.00020250415620605923,0.02629452372834722,0.7701381409230337,0.00020250415620606232,1.5258828507398228e-12
C++ CPU,4,0.2,691.7152404785156,0.0002025041562060597,0.02629452372834722,0.7701381409230353,0.00020250415620606232,1.2983389168575686e-12
C++ CPU,5,0.2,680.1960468292236,0.00020250415620606035,0.02629452372834722,0.7701381409230379,0.00020250415620606232,9.771004219649742e-13
C++ CPU,1,0.3,687.0303153991699,0.0004459509185164835,0.02629452372834722,1.6959840121984,0.00044595091851648875,1.1791388509855198e-12
C++ CPU,2,0.3,681.6060543060303,0.0004459509185164839,0.02629452372834722,1.6959840121984018,0.00044595091851648875,1.0818902859557862e-12
C++ CPU,3,0.3,683.1798553466797,0.00044595091851648203,0.02629452372834722,1.6959840121983945,0.00044595091851648875,1.5073527579608704e-12
C++ CPU,4,0.3,741.6324615478516,0.00044595091851648235,0.02629452372834722,1.6959840121983958,0.00044595091851648875,1.4344163341885702e-12
C++ CPU,5,0.3,689.7861957550049,0.0004459509185164812,0.02629452372834722,1.6959840121983913,0.00044595091851648875,1.6896938173916208e-12
C++ CPU,1,0.4,659.2111587524414,0.0009631117605532937,0.02629452372834722,3.6627845801785566,0.0009631117605532924,1.3508739694292354e-13
C++ CPU,2,0.4,38656.82768821716,0.0009631117605532933,0.02629452372834722,3.6627845801785552,0.0009631117605532924,9.00582646286157e-14
C++ CPU,3,0.4,-37334.29765701294,0.0009631117605532922,0.02629452372834722,3.6627845801785512,0.0009631117605532924,2.2514566157153924e-14
C++ CPU,4,0.4,651.8657207489014,0.0009631117605532937,0.02629452372834722,3.6627845801785566,0.0009631117605532924,1.3508739694292354e-13
C++ CPU,5,0.4,655.8835506439209,0.0009631117605532925,0.02629452372834722,3.6627845801785526,0.0009631117605532924,1.1257283078576962e-14
C++ CPU,1,0.5,652.2336006164551,-0.0014856044813667348,0.02629452372834722,-5.649862673744328,-0.0014856044813667505,inf
C++ CPU,2,0.5,664.902925491333,-0.0014856044813667361,0.02629452372834722,-5.649862673744332,-0.0014856044813667505,inf
C++ CPU,3,0.5,651.1671543121338,-0.0014856044813667344,0.02629452372834722,-5.649862673744326,-0.0014856044813667505,inf
C++ CPU,4,0.5,740.5469417572021,-0.0014856044813667355,0.02629452372834722,-5.649862673744329,-0.0014856044813667505,inf
C++ CPU,5,0.5,711.7648124694824,-0.001485604481366735,0.02629452372834722,-5.6498626737443285,-0.0014856044813667505,inf
C++ CPU,1,0.6,788.3577346801758,0.0013632634276937396,0.02629452372834722,5.184590684272605,0.0013632634276937378,1.2724785545750878e-13
C++ CPU,2,0.6,821.1889266967773,0.0013632634276937424,0.02629452372834722,5.1845906842726155,0.0013632634276937378,3.340256205759605e-13
C++ CPU,3,0.6,685.0881576538086,0.0013632634276937417,0.02629452372834722,5.184590684272613,0.0013632634276937378,2.8630767477939475e-13
C++ CPU,4,0.6,711.082935333252,0.0013632634276937413,0.02629452372834722,5.184590684272612,0.0013632634276937378,2.5449571091501756e-13
C++ CPU,5,0.6,736.7713451385498,0.0013632634276937413,0.02629452372834722,5.184590684272612,0.0013632634276937378,2.5449571091501756e-13
C++ CPU,1,0.7,38783.95986557007,0.0009695987587230543,0.02629452372834722,3.6874551094369634,0.0009695987587230539,4.472786965665597e-14
C++ CPU,2,0.7,-37319.60344314575,0.0009695987587230554,0.02629452372834722,3.687455109436968,0.0009695987587230539,1.565475437982959e-13
C++ CPU,3,0.7,662.7364158630371,0.0009695987587230536,0.02629452372834722,3.6874551094369608,0.0009695987587230539,3.354590224249198e-14
C++ CPU,4,0.7,664.1674041748047,0.0009695987587230552,0.02629452372834722,3.687455109436967,0.0009695987587230539,1.3418360896996792e-13
C++ CPU,5,0.7,671.607255935669,0.0009695987587230543,0.02629452372834722,3.6874551094369634,0.0009695987587230539,4.472786965665597e-14
C++ CPU,1,0.8,681.61940574646,-0.0019798306651226355,0.02629452372834722,-7.529441056155157,-0.0019798306651226264,inf
C++ CPU,2,0.8,661.1325740814209,-0.0019798306651226372,0.02629452372834722,-7.529441056155164,-0.0019798306651226264,inf
C++ CPU,3,0.8,690.0348663330078,-0.0019798306651226364,0.02629452372834722,-7.529441056155162,-0.0019798306651226264,inf
C++ CPU,4,0.8,689.0082359313965,-0.0019798306651226364,0.02629452372834722,-7.529441056155162,-0.0019798306651226264,inf
C++ CPU,5,0.8,668.7278747558594,-0.0019798306651226364,0.02629452372834722,-7.529441056155162,-0.0019798306651226264,inf
C++ CPU,1,0.9,675.2502918243408,-0.0015548000923358508,0.02629452372834722,-5.913018651331092,-0.0015548000923358524,inf
C++ CPU,2,0.9,658.7629318237305,-0.0015548000923358497,0.02629452372834722,-5.913018651331088,-0.0015548000923358524,inf
C++ CPU,3,0.9,665.1558876037598,-0.0015548000923358502,0.02629452372834722,-5.9130186513310905,-0.0015548000923358524,inf
C++ CPU,4,0.9,693.9957141876221,-0.0015548000923358495,0.02629452372834722,-5.913018651331088,-0.0015548000923358524,inf
C++ CPU,5,0.9,679.5568466186523,-0.0015548000923358502,0.02629452372834722,-5.9130186513310905,-0.0015548000923358524,inf
C++ CPU,1,1.0,38680.25350570679,0.002331519832551399,0.02629452372834722,8.866940723622493,0.0023315198325513974,7.440311901951474e-14
C++ CPU,2,1.0,-37337.13102340698,0.0023315198325513996,0.02629452372834722,8.866940723622495,0.0023315198325513974,9.300389877439344e-14
C++ CPU,3,1.0,675.7283210754395,0.0023315198325514,0.02629452372834722,8.866940723622497,0.0023315198325513974,1.116046785292721e-13
C++ CPU,4,1.0,669.396162033081,0.0023315198325513987,0.02629452372834722,8.866940723622491,0.0023315198325513974,5.580233926463605e-14
C++ CPU,5,1.0,663.6543273925781,0.0023315198325513974,0.02629452372834722,8.866940723622486,0.0023315198325513974,0.0
C++ CPU,1,1.1,683.1748485565186,0.0009865242668130744,0.02629452372834722,3.751824056617297,0.0009865242668130657,8.792097337761263e-13
C++ CPU,2,1.1,693.598747253418,0.0009865242668130737,0.02629452372834722,3.7518240566172945,0.0009865242668130657,8.132690037429168e-13
C++ CPU,3,1.1,700.3037929534912,0.0009865242668130735,0.02629452372834722,3.7518240566172936,0.0009865242668130657,7.912887603985137e-13
C++ CPU,4,1.1,689.5973682403564,0.000986524266813074,0.02629452372834722,3.751824056617295,0.0009865242668130657,8.352492470873199e-13
C++ CPU,5,1.1,713.0904197692871,0.0009865242668130741,0.02629452372834722,3.7518240566172962,0.0009865242668130657,8.572294904317231e-13
C++ CPU,1,1.2,665.8685207366943,-0.00016790667313541858,0.02629452372834722,-0.638561378293398,-0.00016790667313542444,inf
C++ CPU,2,1.2,746.5677261352539,-0.00016790667313541834,0.02629452372834722,-0.638561378293397,-0.00016790667313542444,inf
C++ CPU,3,1.2,768.5897350311279,-0.00016790667313541853,0.02629452372834722,-0.6385613782933978,-0.00016790667313542444,inf
C++ CPU,4,1.2,752.1367073059082,-0.00016790667313541877,0.02629452372834722,-0.6385613782933987,-0.00016790667313542444,inf
C++ CPU,5,1.2,751.7452239990234,-0.0001679066731354177,0.02629452372834722,-0.6385613782933947,-0.00016790667313542444,inf
C++ CPU,1,1.3,787.1918678283691,0.0004190603065567456,0.02629452372834722,1.5937170449867137,0.0004190603065567445,2.587222305529178e-13
C++ CPU,2,1.3,861.375093460083,0.0004190603065567469,0.02629452372834722,1.5937170449867188,0.0004190603065567445,5.691889072164191e-13
C++ CPU,3,1.3,809.5710277557373,0.00041906030655674707,0.02629452372834722,1.5937170449867193,0.0004190603065567445,6.079972417993567e-13
C++ CPU,4,1.3,759.2952251434326,0.00041906030655674794,0.02629452372834722,1.5937170449867226,0.0004190603065567445,8.149750262416909e-13
C++ CPU,5,1.3,778.5658836364746,0.0004190603065567485,0.02629452372834722,1.5937170449867248,0.0004190603065567445,9.443361415181498e-13
C++ CPU,1,1.4,752.4123191833496,0.0008647044424180903,0.02629452372834722,3.288534340273607,0.0008647044424180781,1.4168407085808286e-12
C++ CPU,2,1.4,683.7780475616455,0.0008647044424180888,0.02629452372834722,3.2885343402736016,0.0008647044424180781,1.2413029216770091e-12
C++ CPU,3,1.4,744.4479465484619,0.0008647044424180892,0.02629452372834722,3.288534340273603,0.0008647044424180781,1.2914565750781004e-12
C++ CPU,4,1.4,706.5434455871582,0.0008647044424180897,0.02629452372834722,3.288534340273605,0.0008647044424180781,1.3416102284791916e-12
C++ CPU,5,1.4,720.4248905181885,0.0008647044424180895,0.02629452372834722,3.288534340273604,0.0008647044424180781,1.3165334017786461e-12
C++ CPU,1,1.5,722.0549583435059,0.0005772331033461734,0.02629452372834722,2.1952597784605556,0.0005772331033461748,2.4417567462098255e-13
C++ CPU,2,1.5,678.7517070770264,0.0005772331033461758,0.02629452372834722,2.195259778460565,0.0005772331033461748,1.6904469781452639e-13
C++ CPU,3,1.5,819.88525390625,0.0005772331033461733,0.02629452372834722,2.1952597784605556,0.0005772331033461748,2.629584188225966e-13
C++ CPU,4,1.5,678.4350872039795,0.0005772331033461739,0.02629452372834722,2.1952597784605574,0.0005772331033461748,1.6904469781452639e-13
C++ CPU,5,1.5,745.232105255127,0.0005772331033461763,0.02629452372834722,2.1952597784605667,0.0005772331033461748,2.4417567462098255e-13
C++ CPU,1,1.6,692.2440528869629,0.0025325752935683563,0.02629452372834722,9.631569370614134,0.0025325752935683545,6.84964226091226e-14
C++ CPU,2,1.6,727.1690368652344,0.0025325752935683554,0.02629452372834722,9.63156937061413,0.0025325752935683545,3.42482113045613e-14
C++ CPU,3,1.6,712.4748229980469,0.0025325752935683545,0.02629452372834722,9.631569370614127,0.0025325752935683545,0.0
C++ CPU,4,1.6,693.5968399047852,0.0025325752935683554,0.02629452372834722,9.63156937061413,0.0025325752935683545,3.42482113045613e-14
C++ CPU,5,1.6,753.014087677002,0.002532575293568356,0.02629452372834722,9.631569370614132,0.0025325752935683545,5.137231695684194e-14
C++ CPU,1,1.7,747.3385334014893,0.001878488617786858,0.02629452372834722,7.144029826110613,0.0018784886177868523,3.001269873845111e-13
C++ CPU,2,1.7,835.7796669006348,0.0018784886177868575,0.02629452372834722,7.1440298261106125,0.0018784886177868523,2.7704029604724103e-13
C++ CPU,3,1.7,738.8134002685547,0.0018784886177868577,0.02629452372834722,7.1440298261106125,0.0018784886177868523,2.885836417158761e-13
C++ CPU,4,1.7,818.0229663848877,0.0018784886177868562,0.02629452372834722,7.144029826110606,0.0018784886177868523,2.0778022203543078e-13
C++ CPU,5,1.7,766.5002346038818,0.0018784886177868573,0.02629452372834722,7.144029826110611,0.0018784886177868523,2.6549695037860596e-13
C++ CPU,1,1.8,747.687578201294,-0.0006082400486596095,0.02629452372834722,-2.313181462967085,-0.000608240048659613,inf
C++ CPU,2,1.8,761.9261741638184,-0.0006082400486596084,0.02629452372834722,-2.3131814629670804,-0.000608240048659613,inf
C++ CPU,3,1.8,703.4521102905273,-0.0006082400486596087,0.02629452372834722,-2.313181462967082,-0.000608240048659613,inf
C++ CPU,4,1.8,767.4314975738525,-0.0006082400486596087,0.02629452372834722,-2.313181462967082,-0.000608240048659613,inf
C++ CPU,5,1.8,702.4505138397217,-0.0006082400486596092,0.02629452372834722,-2.313181462967084,-0.000608240048659613,inf
C++ CPU,1,1.9,753.3409595489502,-0.0020448139675977865,0.02629452372834722,-7.776577315957783,-0.0020448139675977835,inf
C++ CPU,2,1.9,711.3692760467529,-0.0020448139675977865,0.02629452372834722,-7.776577315957783,-0.0020448139675977835,inf
C++ CPU,3,1.9,726.8245220184326,-0.0020448139675977874,0.02629452372834722,-7.776577315957786,-0.0020448139675977835,inf
C++ CPU,4,1.9,825.2408504486084,-0.0020448139675977852,0.02629452372834722,-7.776577315957778,-0.0020448139675977835,inf
C++ CPU,5,1.9,802.0541667938232,-0.002044813967597786,0.02629452372834722,-7.7765773159577805,-0.0020448139675977835,inf
C++ CPU,1,2.0,783.5581302642822,-0.0011069937556334164,0.02629452372834722,-4.209978347848927,-0.0011069937556334138,inf
C++ CPU,2,2.0,705.4128646850586,-0.0011069937556334164,0.02629452372834722,-4.209978347848927,-0.0011069937556334138,inf
C++ CPU,3,2.0,796.8759536743164,-0.0011069937556334156,0.02629452372834722,-4.209978347848924,-0.0011069937556334138,inf
C++ CPU,4,2.0,718.1322574615479,-0.0011069937556334156,0.02629452372834722,-4.209978347848924,-0.0011069937556334138,inf
C++ CPU,5,2.0,716.0890102386475,-0.0011069937556334147,0.02629452372834722,-4.209978347848921,-0.0011069937556334138,inf
